{
  "rounds": [
    1,
    2,
    3,
    4,
    5,
    6,
    7,
    8,
    9,
    10,
    11,
    12,
    13,
    14,
    15,
    16,
    17,
    18,
    19,
    20
  ],
  "train_loss": [
    0.20978309856998778,
    0.1551209228690043,
    0.13028438884345606,
    0.11367745289024618,
    0.10682061025912137,
    0.09363695226990777,
    0.09249248820992283,
    0.09046455619963265,
    0.07767012299270293,
    0.08290157588084181,
    0.0811105363712061,
    0.0749601349615085,
    0.0728239790307102,
    0.07495155376272977,
    0.07932912308970685,
    0.07853377793515477,
    0.06910730566473078,
    0.07557433399082575,
    0.07711457559373316,
    0.07267040128352723
  ],
  "train_accuracy": [
    0.9437429678709839,
    0.947493436679585,
    0.9578697337167146,
    0.9596199524940617,
    0.9599949993749218,
    0.968496062007751,
    0.968496062007751,
    0.968871108888611,
    0.9746218277284661,
    0.9703712964120516,
    0.9721215151893987,
    0.973246655831979,
    0.9759969996249531,
    0.9719964995624453,
    0.9747468433554194,
    0.9728716089511189,
    0.9754969371171397,
    0.9748718589823728,
    0.9729966245780722,
    0.9753719214901863
  ],
  "val_loss": [
    0.18802468893982904,
    0.11881538783585097,
    0.08924609039616725,
    0.07358507700631525,
    0.06902201243503538,
    0.057370207404236866,
    0.04803284279712778,
    0.049308431352565,
    0.04509022819687438,
    0.04261789884472061,
    0.04088529920215148,
    0.03917712482493746,
    0.03657495103103321,
    0.03878346334230972,
    0.03842265982283758,
    0.03876701778607649,
    0.0372116268489251,
    0.03673005515607505,
    0.035062404463738095,
    0.036582075383649944
  ],
  "val_accuracy": [
    0.9600193652392455,
    0.9625178034810575,
    0.9685148049803077,
    0.9730129309641965,
    0.9730119938155687,
    0.9810090579163474,
    0.9850080585410507,
    0.9820089955022487,
    0.98650787120504,
    0.9880069341501271,
    0.9870056845561467,
    0.9865071214861377,
    0.9905049975324876,
    0.987507621361216,
    0.9875070590720392,
    0.9870073714236769,
    0.9875068716423135,
    0.9875061219234114,
    0.9900056847435764,
    0.9875064967828624
  ],
  "val_f1": [
    0.7722683860013526,
    0.7942655841109352,
    0.8207119053210814,
    0.8433898203105995,
    0.8434676983006554,
    0.8837726578251888,
    0.9031008306656733,
    0.887056207943245,
    0.9175309482548389,
    0.9190030731951344,
    0.9178859320248945,
    0.9103921736840617,
    0.9385397977118681,
    0.9163542482707377,
    0.9159173740198202,
    0.9131685797484014,
    0.9163764633220054,
    0.9175258144070423,
    0.9308383101195697,
    0.9180540509589511
  ],
  "val_auc": [
    0.9925004749973578,
    0.9963404337494832,
    0.9981833226283714,
    0.9988416373714779,
    0.9988326301367207,
    0.999354269493171,
    0.9993575576092067,
    0.9992151352737006,
    0.9996013709984551,
    0.9994063812177449,
    0.9994721168950491,
    0.9994997321382478,
    0.9997000263960693,
    0.9996436183749221,
    0.9995979039851032,
    0.9997233611106524,
    0.99980990005479,
    0.999910351837143,
    0.9999075472718665,
    0.999885940032874
  ]
}