{
  "rounds": [
    1,
    2,
    3,
    4,
    5,
    6,
    7,
    8,
    9,
    10
  ],
  "train_loss": [
    0.7000608992576599,
    0.6947700150807699,
    0.6894304593404134,
    0.68451060851415,
    0.6874312074979146,
    0.681309560139974,
    0.6822249658902486,
    0.6818143137296041,
    0.6826295026143392,
    0.6809043749173482
  ],
  "train_accuracy": [
    0.5379166666666667,
    0.52625,
    0.5329166666666667,
    0.5408333333333334,
    0.5491666666666667,
    0.565,
    0.55875,
    0.5483333333333333,
    0.55125,
    0.55625
  ],
  "val_loss": [
    0.7058093689736865,
    0.6974773179917109,
    0.6951040029525757,
    0.6950522320611136,
    0.6935915436063494,
    0.6977806375140236,
    0.69506212359383,
    0.695880665665581,
    0.6975351259821937,
    0.6993488470713297
  ],
  "val_accuracy": [
    0.49666666666666665,
    0.505,
    0.49833333333333335,
    0.505,
    0.49333333333333335,
    0.5166666666666667,
    0.5083333333333333,
    0.5233333333333333,
    0.5033333333333333,
    0.5116666666666667
  ],
  "val_f1": [
    0.578196570830658,
    0.5861728508536519,
    0.5803131382841528,
    0.5800279085993372,
    0.5811222673856931,
    0.5846023713896928,
    0.5812411134901673,
    0.5978859167216971,
    0.5668534792165465,
    0.5732371332371332
  ],
  "val_auc": [
    0.48864666105338955,
    0.498725571087572,
    0.5012291940722841,
    0.5124698910567129,
    0.5150612553462618,
    0.5077967289066654,
    0.5178153235639349,
    0.519111471157375,
    0.5121984007739,
    0.5190392572200261
  ]
}