{
  "rounds": [
    1,
    2,
    3,
    4,
    5,
    6,
    7,
    8,
    9,
    10
  ],
  "train_accuracy": [
    0.9413676709588699,
    0.9332416552069008,
    0.9332416552069008,
    0.9332416552069008,
    0.9332416552069008,
    0.9332416552069008,
    0.9332416552069008,
    0.9332416552069008,
    0.9332416552069008,
    0.9332416552069008
  ],
  "val_accuracy": [
    0.9565232385682394,
    0.9280346700009164,
    0.9280346700009166,
    0.9280346700009166,
    0.9280346700009164,
    0.9280346700009164,
    0.9280346700009164,
    0.9280346700009164,
    0.9280346700009166,
    0.9280346700009164
  ]
}