{
  "rounds": [
    1,
    2,
    3,
    4,
    5,
    6,
    7,
    8,
    9,
    10
  ],
  "train_loss": [
    0.7050035071372985,
    0.6979533878962199,
    0.6912870264053345,
    0.6874321452776591,
    0.6939606126149496,
    0.6863680402437846,
    0.6872950029373169,
    0.6839976342519124,
    0.6871126437187195,
    0.6800467046101888
  ],
  "train_accuracy": [
    0.5183333333333333,
    0.5191666666666667,
    0.5375,
    0.5491666666666667,
    0.5241666666666667,
    0.5429166666666667,
    0.5358333333333334,
    0.55125,
    0.5375,
    0.5608333333333333
  ],
  "val_loss": [
    0.7089104084741501,
    0.7033209687187558,
    0.7000044584274292,
    0.700670049304054,
    0.7032050206547692,
    0.702961734363011,
    0.7022185354005723,
    0.702184415998913,
    0.7029820141338167,
    0.7080463142622085
  ],
  "val_accuracy": [
    0.4866666666666667,
    0.4816666666666667,
    0.49333333333333335,
    0.4633333333333333,
    0.46166666666666667,
    0.4583333333333333,
    0.47333333333333333,
    0.46166666666666667,
    0.44666666666666666,
    0.4716666666666667
  ],
  "val_f1": [
    0.5485453778406844,
    0.5566006502467626,
    0.5610821540193738,
    0.5298462466083811,
    0.5400214666937754,
    0.5320641091294638,
    0.5468346078872394,
    0.5245918846411805,
    0.5165476006915696,
    0.5294041529655341
  ],
  "val_auc": [
    0.4695920417932292,
    0.4694339958017619,
    0.48354027045400194,
    0.4739146608660014,
    0.4683686031618589,
    0.4592314454006017,
    0.46856102520452075,
    0.4750784226724983,
    0.4697991097105806,
    0.47357709810455484
  ]
}