{
  "rounds": [
    1,
    2,
    3,
    4,
    5,
    6,
    7,
    8,
    9,
    10
  ],
  "train_accuracy": [
    0.9377422177772221,
    0.9332416552069008,
    0.9332416552069008,
    0.9332416552069008,
    0.9332416552069008,
    0.9332416552069008,
    0.9332416552069008,
    0.9332416552069008,
    0.9332416552069008,
    0.9332416552069008
  ],
  "val_accuracy": [
    0.9500248625530966,
    0.9280346700009164,
    0.9280346700009164,
    0.9280346700009164,
    0.9280346700009164,
    0.9280346700009166,
    0.9280346700009164,
    0.9280346700009164,
    0.9280346700009164,
    0.9280346700009166
  ]
}