{
  "rounds": [
    1,
    2,
    3,
    4,
    5,
    6,
    7,
    8,
    9,
    10
  ],
  "train_accuracy": [
    0.8374796849606201,
    0.7025878234779347,
    0.7025878234779347,
    0.7025878234779347,
    0.7025878234779347,
    0.7025878234779347,
    0.7025878234779347,
    0.7025878234779347,
    0.7025878234779347,
    0.7025878234779347
  ],
  "val_accuracy": [
    0.8310637780247268,
    0.689652173538184,
    0.689652173538184,
    0.6896521735381841,
    0.689652173538184,
    0.6896521735381841,
    0.689652173538184,
    0.689652173538184,
    0.689652173538184,
    0.6896521735381841
  ]
}