{
  "rounds": [
    1,
    2,
    3,
    4,
    5,
    6,
    7,
    8,
    9,
    10
  ],
  "train_accuracy": [
    0.9404925615701962,
    0.950868858607326,
    0.9541192649081135,
    0.9623702962870359,
    0.9671208901112639,
    0.9659957494686836,
    0.9672459057382172,
    0.9677459682460308,
    0.9676209526190774,
    0.9696212026503312
  ],
  "val_accuracy": [
    0.9660169290276727,
    0.9765113067919097,
    0.9770111818699976,
    0.9805108697057897,
    0.9805110571355152,
    0.9850067465329718,
    0.9910048726105756,
    0.9870071839939512,
    0.9830089330881504,
    0.9845083708926883
  ]
}