{
  "rounds": [
    1,
    2,
    3,
    4,
    5,
    6,
    7,
    8,
    9,
    10
  ],
  "train_loss": [
    0.7013867306709289,
    0.6939379405975342,
    0.6914897481600444,
    0.691467665831248,
    0.6867703334490458,
    0.6885462427139282,
    0.6850580946604411,
    0.686876680056254,
    0.6856055426597595,
    0.6826635559399923
  ],
  "train_accuracy": [
    0.5266666666666666,
    0.5341666666666667,
    0.535,
    0.5375,
    0.5420833333333334,
    0.5304166666666666,
    0.5491666666666667,
    0.5404166666666667,
    0.5479166666666667,
    0.5429166666666667
  ],
  "val_loss": [
    0.7024888708477929,
    0.6965348067737761,
    0.6977119899931408,
    0.6987305652527582,
    0.6970301213718596,
    0.695739814213344,
    0.6965406026159013,
    0.6961895511263892,
    0.6960058581261408,
    0.6971208339645749
  ],
  "val_accuracy": [
    0.48833333333333334,
    0.5116666666666667,
    0.49166666666666664,
    0.485,
    0.47833333333333333,
    0.5183333333333333,
    0.5033333333333333,
    0.5116666666666667,
    0.5,
    0.5033333333333333
  ],
  "val_f1": [
    0.2845325923796749,
    0.2750597956077408,
    0.2376110166288738,
    0.22082717585330233,
    0.2759105239320375,
    0.3155125693881407,
    0.31433786546740766,
    0.3435687168908645,
    0.3668388958711539,
    0.3777542621987066
  ],
  "val_auc": [
    0.4944622394668369,
    0.5163552467004312,
    0.5104193515392139,
    0.4959873616695405,
    0.49152705158466803,
    0.5140918569065227,
    0.5153585509661407,
    0.5232218910012798,
    0.5137554955736755,
    0.517607000657859
  ]
}