{
  "rounds": [
    1,
    2,
    3,
    4,
    5,
    6,
    7,
    8,
    9,
    10,
    11,
    12,
    13,
    14,
    15,
    16,
    17,
    18,
    19,
    20
  ],
  "train_loss": [
    0.212179051514657,
    0.15201468026820628,
    0.12703206134646505,
    0.11357149522480586,
    0.10577524442849694,
    0.09538543935013806,
    0.09865615328085024,
    0.0918425127118633,
    0.08793829715535659,
    0.07966602961068132,
    0.08001023688708425,
    0.07826119269549081,
    0.08180962661459587,
    0.0821034200984847,
    0.0803941572149004,
    0.07532330124690687,
    0.07624474380987767,
    0.07686943881468279,
    0.07806789954240534,
    0.07819788894414317
  ],
  "train_accuracy": [
    0.9377422177772221,
    0.9481185148143518,
    0.9551193899237405,
    0.9591198899862483,
    0.9592449056132016,
    0.9667458432304038,
    0.9634954369296163,
    0.9657457182147768,
    0.9696212026503312,
    0.9741217652206526,
    0.9717464683085386,
    0.9724965620702588,
    0.9717464683085386,
    0.9706213276659582,
    0.9736217027128391,
    0.974246780847606,
    0.9741217652206526,
    0.973246655831979,
    0.9737467183397924,
    0.9718714839354919
  ],
  "val_loss": [
    0.18655445861083314,
    0.128276470994189,
    0.09428877906871516,
    0.08120987893813413,
    0.0669248784111133,
    0.06210530134824959,
    0.060987581060329574,
    0.053754128873773996,
    0.04990255433434076,
    0.05059044796000409,
    0.0519210763742105,
    0.04317933995272075,
    0.045487216513975526,
    0.044139318578419844,
    0.04575245994041248,
    0.040265400425059605,
    0.04211771798661604,
    0.04403958414966519,
    0.04209536347164556,
    0.04084885451035757
  ],
  "val_accuracy": [
    0.950024675123371,
    0.9515235506387323,
    0.9660169290276727,
    0.9730129309641965,
    0.9755115566357339,
    0.9820086206427977,
    0.9780113068856245,
    0.9830093079476014,
    0.9835093704554149,
    0.9825088705803369,
    0.9780113068856245,
    0.9885064343687638,
    0.9845085583224139,
    0.9870066217047746,
    0.9835084333067872,
    0.9905051849622133,
    0.9885064343687638,
    0.9850084334005019,
    0.9875070590720392,
    0.9885064343687638
  ],
  "val_f1": [
    0.7320749609067563,
    0.747065469332652,
    0.8058968323178023,
    0.8419537045572281,
    0.8548292701311828,
    0.8866064803660476,
    0.8638513894034164,
    0.8900914652401811,
    0.8956267047252693,
    0.890884785638077,
    0.8644884759020978,
    0.9224195465898949,
    0.8987045541411748,
    0.9153975367999397,
    0.8939774856180914,
    0.9355039627023529,
    0.9224195465898949,
    0.9021807073710302,
    0.9159998035120583,
    0.9224195465898949
  ],
  "val_auc": [
    0.9914341048713667,
    0.9969379329999807,
    0.9981315085332017,
    0.9985800477760752,
    0.9994691865736466,
    0.999207553380158,
    0.9992414559699431,
    0.9993890449642636,
    0.9994433930262492,
    0.9993116547789664,
    0.9993780624474509,
    0.9994846322221783,
    0.9996548113249667,
    0.9995150424875494,
    0.9996433983985857,
    0.9997080412182464,
    0.9996823165799972,
    0.9996625057257438,
    0.9996527102867854,
    0.9996706147681316
  ]
}