{
  "rounds": [
    1,
    2,
    3,
    4,
    5,
    6,
    7,
    8,
    9,
    10,
    11,
    12,
    13,
    14,
    15,
    16,
    17,
    18,
    19,
    20
  ],
  "train_loss": [
    NaN,
    NaN,
    NaN,
    NaN,
    NaN,
    NaN,
    NaN,
    NaN,
    NaN,
    NaN,
    NaN,
    NaN,
    NaN,
    NaN,
    NaN,
    NaN,
    NaN,
    NaN,
    NaN,
    NaN
  ],
  "train_accuracy": [
    0.8267283410426304,
    0.7025878234779347,
    0.7025878234779347,
    0.7025878234779347,
    0.7025878234779347,
    0.7025878234779347,
    0.7025878234779347,
    0.7025878234779347,
    0.7025878234779347,
    0.7025878234779347,
    0.7025878234779347,
    0.7025878234779347,
    0.7025878234779347,
    0.7025878234779347,
    0.7025878234779347,
    0.7025878234779347,
    0.7025878234779347,
    0.7025878234779347,
    0.7025878234779347,
    0.7025878234779347
  ],
  "val_loss": [
    NaN,
    NaN,
    NaN,
    NaN,
    NaN,
    NaN,
    NaN,
    NaN,
    NaN,
    NaN,
    NaN,
    NaN,
    NaN,
    NaN,
    NaN,
    NaN,
    NaN,
    NaN,
    NaN,
    NaN
  ],
  "val_accuracy": [
    0.8200706497607554,
    0.689652173538184,
    0.689652173538184,
    0.689652173538184,
    0.689652173538184,
    0.6896521735381841,
    0.689652173538184,
    0.689652173538184,
    0.6896521735381841,
    0.689652173538184,
    0.689652173538184,
    0.689652173538184,
    0.689652173538184,
    0.689652173538184,
    0.689652173538184,
    0.689652173538184,
    0.6896521735381841,
    0.689652173538184,
    0.689652173538184,
    0.689652173538184
  ],
  "val_f1": [
    0.5684768648050552,
    0.0,
    0.0,
    0.0,
    0.0,
    0.0,
    0.0,
    0.0,
    0.0,
    0.0,
    0.0,
    0.0,
    0.0,
    0.0,
    0.0,
    0.0,
    0.0,
    0.0,
    0.0,
    0.0
  ],
  "val_auc": [
    0.6569003960923715,
    0.0,
    0.0,
    0.0,
    0.0,
    0.0,
    0.0,
    0.0,
    0.0,
    0.0,
    0.0,
    0.0,
    0.0,
    0.0,
    0.0,
    0.0,
    0.0,
    0.0,
    0.0,
    0.0
  ]
}