{
  "rounds": [
    1,
    2,
    3,
    4,
    5,
    6,
    7,
    8,
    9,
    10,
    11,
    12,
    13,
    14,
    15,
    16,
    17,
    18,
    19,
    20
  ],
  "train_loss": [
    0.23714654868982396,
    0.17955437149320966,
    0.1642334967462688,
    0.15136371788825484,
    0.14909906330921177,
    0.1386755111139874,
    0.13528707716105462,
    0.1323351953569735,
    0.13568237908034605,
    0.12379735895032407,
    0.12355909895947162,
    0.13628181852106433,
    0.12506034306349026,
    0.12411527139540483,
    0.11994408289376765,
    0.12261562864922611,
    0.12060895418582634,
    0.13292572305733952,
    0.12610898994795952,
    0.1191462364065428
  ],
  "train_accuracy": [
    0.9091106614988418,
    0.9260102960430561,
    0.9331699981514209,
    0.9383755566449262,
    0.9373754316292994,
    0.9412601373481327,
    0.9444101181107107,
    0.9402723073768778,
    0.9450895153672927,
    0.9475324350234521,
    0.9488041076206367,
    0.9436928271431546,
    0.9470415937989175,
    0.9452944487826633,
    0.9474227882019636,
    0.947910555665405,
    0.9462638361873605,
    0.9453918005597799,
    0.9472731824862665,
    0.9484956749059634
  ],
  "val_loss": [
    333.20189376574024,
    333.171165223309,
    333.15966979566025,
    333.1509875198773,
    333.1447591596556,
    333.15094111375515,
    333.14345973191365,
    333.1420266032866,
    333.14278854030914,
    333.1377438344121,
    333.13728086456496,
    333.13642325485876,
    333.1372249920834,
    333.1359463443477,
    333.13722315156855,
    333.1372177528304,
    333.13698222336814,
    333.134917637872,
    333.1354496223977,
    333.13571791338524
  ],
  "val_accuracy": [
    0.8335622162665386,
    0.8405578433436113,
    0.8415572186403361,
    0.8470537827723217,
    0.854549097497757,
    0.846054407475597,
    0.8520506592559453,
    0.8525503469043076,
    0.8505515963108582,
    0.8585465986846558,
    0.8565478480912062,
    0.8615447245748298,
    0.8575472233879309,
    0.8610450369264674,
    0.8560481604428438,
    0.8550487851461193,
    0.8540494098493947,
    0.8600456616297427,
    0.8585465986846557,
    0.8610450369264674
  ],
  "val_f1": [
    0.5854250612267398,
    0.5948051081897423,
    0.5960495061882736,
    0.6034971448393993,
    0.6140037779777595,
    0.6021641327456954,
    0.6104138669479936,
    0.6110488760100623,
    0.6083283633202966,
    0.6196929066337571,
    0.6167577196979642,
    0.6245711530664853,
    0.6183482024678228,
    0.6235911552826168,
    0.6161250682480514,
    0.6146101730414895,
    0.6134172795695848,
    0.6217546199122843,
    0.6199757592235581,
    0.624048958500765
  ],
  "val_auc": [
    0.660451806919752,
    0.6630539076659762,
    0.6641347350721051,
    0.6648667592419635,
    0.6649743968196743,
    0.6649913598870372,
    0.6653680588383833,
    0.6655850524608974,
    0.6651209092676619,
    0.6655916805479715,
    0.6654998666041603,
    0.6652254189857872,
    0.6654732108834414,
    0.6655070532430886,
    0.6656388814906403,
    0.6655793776233353,
    0.6656793724191361,
    0.6657073742390444,
    0.6657352103567759,
    0.6657822046337184
  ]
}