{
  "rounds": [
    1,
    2,
    3,
    4,
    5,
    6,
    7,
    8,
    9,
    10
  ],
  "train_accuracy": [
    0.9416177022127766,
    0.949868733591699,
    0.954619327415927,
    0.9621202650331292,
    0.9659957494686836,
    0.9638704838104764,
    0.9658707338417302,
    0.9686210776347043,
    0.966495811976497,
    0.9667458432304038
  ],
  "val_accuracy": [
    0.9625174286216062,
    0.9785117442528891,
    0.983008558228699,
    0.9820093703617001,
    0.9910048726105756,
    0.9930041854932017,
    0.9900054973138508,
    0.993003623204025,
    0.991504560258938,
    0.9880063718609504
  ]
}