{
  "rounds": [
    1,
    2,
    3,
    4,
    5,
    6,
    7,
    8,
    9,
    10
  ],
  "train_accuracy": [
    0.9426178272284036,
    0.9517439679959995,
    0.9563695461932742,
    0.9594949368671084,
    0.9584948118514814,
    0.9648706088261033,
    0.9643705463182898,
    0.969871233904238,
    0.9678709838729841,
    0.9699962495311913
  ],
  "val_accuracy": [
    0.9615191779032349,
    0.9805088079788085,
    0.9795094326820837,
    0.9855071839002365,
    0.9815094952836122,
    0.9835074961581594,
    0.9900051224543998,
    0.9880065592906759,
    0.9875057470639602,
    0.9820103075103279
  ]
}