{
  "rounds": [
    1,
    2,
    3,
    4,
    5,
    6,
    7,
    8,
    9,
    10
  ],
  "train_loss": [
    NaN,
    NaN,
    NaN,
    NaN,
    NaN,
    NaN,
    NaN,
    NaN,
    NaN,
    NaN
  ],
  "train_accuracy": [
    0.9379922490311289,
    0.9332416552069008,
    0.9332416552069008,
    0.9332416552069008,
    0.9332416552069008,
    0.9332416552069008,
    0.9332416552069008,
    0.9332416552069008,
    0.9332416552069008,
    0.9332416552069008
  ],
  "val_loss": [
    NaN,
    NaN,
    NaN,
    NaN,
    NaN,
    NaN,
    NaN,
    NaN,
    NaN,
    NaN
  ],
  "val_accuracy": [
    0.9480277988271772,
    0.9280346700009164,
    0.9280346700009164,
    0.9280346700009164,
    0.9280346700009166,
    0.9280346700009164,
    0.9280346700009164,
    0.9280346700009164,
    0.9280346700009164,
    0.9280346700009164
  ],
  "val_f1": [
    0.398409069758501,
    0.0,
    0.0,
    0.0,
    0.0,
    0.0,
    0.0,
    0.0,
    0.0,
    0.0
  ],
  "val_auc": [
    0.6581567893261594,
    0.0,
    0.0,
    0.0,
    0.0,
    0.0,
    0.0,
    0.0,
    0.0,
    0.0
  ]
}