{
  "rounds": [
    1,
    2,
    3,
    4,
    5,
    6,
    7,
    8,
    9,
    10,
    11,
    12,
    13,
    14,
    15,
    16,
    17,
    18,
    19,
    20
  ],
  "train_loss": [
    0.10487800816694895,
    0.04542999933163325,
    0.022808176192144553,
    0.018190552753706773,
    0.012630812941739957,
    0.013458023999507228,
    0.010198993391046922,
    0.00766103534027934,
    0.007943931004653374,
    0.009074390414170921,
    0.00515739294855545,
    0.0039311454895262915,
    0.006147112431935966,
    0.009294456585776061,
    0.005667088491221269,
    0.0028047313059990603,
    0.006490568407656004,
    0.0036859948638205725,
    0.003667011248956745,
    0.003594361626698325
  ],
  "train_accuracy": [
    0.9927083333333333,
    0.9958333333333333,
    0.9983333333333333,
    0.9979166666666667,
    0.9979166666666667,
    0.9970833333333333,
    0.9979166666666667,
    0.9983333333333333,
    0.998125,
    0.9972916666666667,
    0.999375,
    0.9991666666666666,
    0.9983333333333333,
    0.9975,
    0.99875,
    0.9995833333333334,
    0.9985416666666667,
    0.99875,
    0.9995833333333334,
    0.9989583333333333
  ],
  "val_loss": [
    0.08247087771693866,
    0.02702761264074417,
    0.012219559645191546,
    0.007365500487919363,
    0.006992036576515862,
    0.0041511559282385166,
    0.004412161951352444,
    0.0034894441404113813,
    0.00260700484172308,
    0.002633137065762033,
    0.0027224365344625853,
    0.0022381488663432672,
    0.0018836854973674885,
    0.0012598577831383973,
    0.0018444545054253903,
    0.0016278150294619124,
    0.0013933257321782765,
    0.0013226259754793275,
    0.0017777815664885566,
    0.0010639922741878156
  ],
  "val_accuracy": [
    0.9916666666666667,
    0.9966666666666667,
    0.9983333333333333,
    0.9991666666666666,
    0.9975,
    0.9983333333333333,
    0.9983333333333333,
    0.9991666666666666,
    0.9991666666666666,
    0.9991666666666666,
    0.9991666666666666,
    0.9991666666666666,
    0.9991666666666666,
    0.9991666666666666,
    0.9991666666666666,
    0.9991666666666666,
    0.9991666666666666,
    0.9991666666666666,
    0.9991666666666666,
    0.9991666666666666
  ],
  "val_f1": [
    0.9885732585632422,
    0.9955541945947172,
    0.9977471049156498,
    0.9988925802879292,
    0.9966470191089566,
    0.9977471049156498,
    0.9977924944812363,
    0.9988925802879292,
    0.9988925802879292,
    0.9988925802879292,
    0.9988925802879292,
    0.9988925802879292,
    0.9988925802879292,
    0.9988925802879292,
    0.9988925802879292,
    0.9988925802879292,
    0.9988925802879292,
    0.9988925802879292,
    0.9988925802879292,
    0.9988925802879292
  ],
  "val_auc": [
    1.0,
    1.0,
    1.0,
    1.0,
    1.0,
    1.0,
    1.0,
    1.0,
    1.0,
    1.0,
    1.0,
    1.0,
    1.0,
    1.0,
    1.0,
    1.0,
    1.0,
    1.0,
    1.0,
    1.0
  ]
}