{
  "rounds": [
    1,
    2,
    3,
    4,
    5,
    6,
    7,
    8,
    9,
    10
  ],
  "train_accuracy": [
    0.9218652331541443,
    0.9311163895486936,
    0.9321165145643205,
    0.9367420927615951,
    0.9402425303162896,
    0.9447430928866108,
    0.9404925615701962,
    0.943117889736217,
    0.940742592824103,
    0.9476184523065383
  ],
  "val_accuracy": [
    0.9265361693450062,
    0.9430297977652004,
    0.9445279235616596,
    0.9465272364442857,
    0.9475269866004615,
    0.9510246127092722,
    0.9620199901299507,
    0.9595183655828042,
    0.9640198653017534,
    0.9555216141148078
  ]
}