{
  "rounds": [
    1,
    2,
    3,
    4,
    5,
    6,
    7,
    8,
    9,
    10
  ],
  "train_accuracy": [
    0.9424928116014502,
    0.9552444055506938,
    0.9547443430428804,
    0.9592449056132016,
    0.9634954369296163,
    0.9629953744218027,
    0.9662457807225904,
    0.9667458432304038,
    0.9628703587948494,
    0.9666208276034505
  ],
  "val_accuracy": [
    0.9655174288090359,
    0.9765111193621842,
    0.9870064342750491,
    0.9845081834629629,
    0.9885058720795872,
    0.9870069965642256,
    0.9845081834629629,
    0.9865065591969611,
    0.9865071214861378,
    0.9870060594155979
  ]
}