{
  "rounds": [
    1,
    2,
    3,
    4,
    5,
    6,
    7,
    8,
    9,
    10
  ],
  "train_loss": [
    NaN,
    NaN,
    NaN,
    NaN,
    NaN,
    NaN,
    NaN,
    NaN,
    NaN,
    NaN
  ],
  "train_accuracy": [
    0.937367170896362,
    0.9332416552069008,
    0.9332416552069008,
    0.9332416552069008,
    0.9332416552069008,
    0.9332416552069008,
    0.9332416552069008,
    0.9332416552069008,
    0.9332416552069008,
    0.9332416552069008
  ],
  "val_loss": [
    NaN,
    NaN,
    NaN,
    NaN,
    NaN,
    NaN,
    NaN,
    NaN,
    NaN,
    NaN
  ],
  "val_accuracy": [
    0.9460288608040023,
    0.9280346700009164,
    0.9280346700009164,
    0.9280346700009166,
    0.9280346700009164,
    0.9280346700009166,
    0.9280346700009164,
    0.9280346700009164,
    0.9280346700009164,
    0.9280346700009164
  ],
  "val_f1": [
    0.3548922024343953,
    0.0,
    0.0,
    0.0,
    0.0,
    0.0,
    0.0,
    0.0,
    0.0,
    0.0
  ],
  "val_auc": [
    0.6592785804863855,
    0.0,
    0.0,
    0.0,
    0.0,
    0.0,
    0.0,
    0.0,
    0.0,
    0.0
  ]
}