{
  "rounds": [
    1,
    2,
    3,
    4,
    5,
    6,
    7,
    8,
    9,
    10,
    11,
    12,
    13,
    14,
    15,
    16,
    17,
    18,
    19,
    20
  ],
  "train_loss": [
    0.2114878554135081,
    0.14486455033813103,
    0.11980630500221967,
    0.11144629599394537,
    0.10566019089832684,
    0.09185676885164079,
    0.0890891399531352,
    0.08560076545574016,
    0.07646952547907483,
    0.0800871460718632,
    0.08301369454984897,
    0.07918027944697778,
    0.07443248587870703,
    0.07389936969627278,
    0.07084529485571811,
    0.0785227274898592,
    0.0742656285198088,
    0.0704694107111092,
    0.08228292708558713,
    0.07364182415341478
  ],
  "train_accuracy": [
    0.944118014751844,
    0.9528691086385799,
    0.9572446555819477,
    0.9587448431053882,
    0.9606200775096887,
    0.9678709838729841,
    0.9673709213651707,
    0.9712464058007251,
    0.9731216402050257,
    0.9718714839354919,
    0.9714964370546318,
    0.9723715464433054,
    0.9726215776972121,
    0.9731216402050257,
    0.97662207775972,
    0.9706213276659582,
    0.973246655831979,
    0.9746218277284661,
    0.9677459682460308,
    0.9752469058632329
  ],
  "val_loss": [
    0.17847562094132732,
    0.10566303706460822,
    0.08156702567391626,
    0.06703615748571294,
    0.05719401863370584,
    0.049850007532377776,
    0.0467834315822879,
    0.04243245108170174,
    0.041410425823115354,
    0.04641051607659461,
    0.045042909178386,
    0.04229181189805147,
    0.04132218711715525,
    0.04264939250625081,
    0.042920222764782454,
    0.0402073495960988,
    0.04076743100245915,
    0.03885922443375404,
    0.039711314225333014,
    0.038651460290084184
  ],
  "val_accuracy": [
    0.9650169914417713,
    0.9745136807768137,
    0.9755113692060083,
    0.9805095576977106,
    0.9840086832443261,
    0.9870075588534023,
    0.9875072465017647,
    0.9880061844312248,
    0.9895061845249397,
    0.983508433306787,
    0.9815094952836121,
    0.9850073088221484,
    0.9845091206115908,
    0.9850078711113252,
    0.9845081834629628,
    0.9880069341501272,
    0.9855083084785897,
    0.9885062469390383,
    0.9865074963455889,
    0.988505497220136
  ],
  "val_f1": [
    0.7968729398384828,
    0.8463497785280371,
    0.8570077131824084,
    0.8810093037735799,
    0.8979280873467234,
    0.915739227159055,
    0.9149456831555739,
    0.9199291307671272,
    0.9292684410786459,
    0.8953121046230298,
    0.8858440769045973,
    0.9086810271452646,
    0.9000623099104339,
    0.9054610491193945,
    0.9019864768668284,
    0.9196556364450958,
    0.9061772628931268,
    0.9250271707571197,
    0.9107654925903946,
    0.9262887941913996
  ],
  "val_auc": [
    0.9938652644573128,
    0.9972439872230529,
    0.9986980898432276,
    0.999020053791846,
    0.9991474426013648,
    0.9995685612663137,
    0.9996192754798013,
    0.9994502050026144,
    0.9996282984825163,
    0.9995447840799916,
    0.9997223529301146,
    0.9998284138430211,
    0.9996913238147543,
    0.9998088918742524,
    0.9997646692157298,
    0.9997349529343498,
    0.9997349529343498,
    0.9997791755928723,
    0.9997720747310224,
    0.9998290073819481
  ]
}